大话西游之大圣娶亲,9.2,中国,喜剧,"""https://movie.douban.com/subject/1292213/""","""https://img3.doubanio.com/view/photo/s_ratio_poster/public/p2455050536.jpg"""
狐妖小红娘剧场版：王权富贵,9.2,中国,喜剧,"""https://movie.douban.com/subject/26946612/""","""https://img3.doubanio.com/view/photo/s_ratio_poster/public/p2409467410.jpg"""
人鼠之间,9.1,中国,喜剧,"""https://movie.douban.com/subject/26431592/""","""https://img3.doubanio.com/view/photo/s_ratio_poster/public/p2252276881.jpg"""
我不是药神,9.0,中国,喜剧,"""https://movie.douban.com/subject/26752088/""","""https://img3.doubanio.com/view/photo/s_ratio_poster/public/p2519070834.jpg"""
大话西游之大圣娶亲,9.2,大陆,喜剧,"""https://movie.douban.com/subject/1292213/""","""https://img3.doubanio.com/view/photo/s_ratio_poster/public/p2455050536.jpg"""
狐妖小红娘剧场版：王权富贵,9.2,大陆,喜剧,"""https://movie.douban.com/subject/26946612/""","""https://img3.doubanio.com/view/photo/s_ratio_poster/public/p2409467410.jpg"""
我不是药神,9.0,大陆,喜剧,"""https://movie.douban.com/subject/26752088/""","""https://img3.doubanio.com/view/photo/s_ratio_poster/public/p2519070834.jpg"""
演员工作室：老爸老妈的浪漫史,9.5,美国,喜剧,"""https://movie.douban.com/subject/25855990/""","""https://img3.doubanio.com/view/photo/s_ratio_poster/public/p2176444996.jpg"""
福尔摩斯二世,9.4,美国,喜剧,"""https://movie.douban.com/subject/1303408/""","""https://img1.doubanio.com/view/photo/s_ratio_poster/public/p2206737207.jpg"""
吉米·鸡毛逊毙了！马达翻身当主持,9.4,美国,喜剧,"""https://movie.douban.com/subject/26721341/""","""https://img3.doubanio.com/view/photo/s_ratio_poster/public/p2315824435.jpg"""
拜访森林,9.4,美国,喜剧,"""https://movie.douban.com/subject/25741291/""","""https://img3.doubanio.com/view/photo/s_ratio_poster/public/p2155898916.jpg"""
杰夫·敦哈姆：星星之火让人抓狂,9.4,美国,喜剧,"""https://movie.douban.com/subject/2363526/""","""https://img3.doubanio.com/view/photo/s_ratio_poster/public/p2515501982.jpg"""
哈利同人音乐剧第一部,9.4,美国,喜剧,"""https://movie.douban.com/subject/20388406/""","""https://img3.doubanio.com/view/photo/s_ratio_poster/public/p2191854174.jpg"""
城市之光,9.3,美国,喜剧,"""https://movie.douban.com/subject/1293908/""","""https://img3.doubanio.com/view/photo/s_ratio_poster/public/p2170238803.jpg"""
乔治 卡林：王者归来,9.3,美国,喜剧,"""https://movie.douban.com/subject/3054636/""","""https://img3.doubanio.com/view/photo/s_ratio_poster/public/p2508661214.jpg"""
博弈论,9.3,美国,喜剧,"""https://movie.douban.com/subject/3272459/""","""https://img3.doubanio.com/view/photo/s_ratio_poster/public/p2254959230.jpg"""
聪明狗走天涯,9.3,美国,喜剧,"""https://movie.douban.com/subject/1297777/""","""https://img1.doubanio.com/view/subject/l/public/s1788447.jpg"""
查理布朗男孩,9.3,美国,喜剧,"""https://movie.douban.com/subject/1295406/""","""https://img1.doubanio.com/view/photo/s_ratio_poster/public/p577559527.jpg"""
周六夜现场：贾斯汀·丁伯莱克,9.3,美国,喜剧,"""https://movie.douban.com/subject/6713364/""","""https://img3.doubanio.com/view/photo/s_ratio_poster/public/p1835772460.jpg"""
南方公园之梦想国度,9.3,美国,喜剧,"""https://movie.douban.com/subject/5179539/""","""https://img3.doubanio.com/view/subject/l/public/s5293436.jpg"""
疯狂动物城,9.2,美国,喜剧,"""https://movie.douban.com/subject/25662329/""","""https://img1.doubanio.com/view/photo/s_ratio_poster/public/p2315672647.jpg"""
摩登时代,9.2,美国,喜剧,"""https://movie.douban.com/subject/1294371/""","""https://img3.doubanio.com/view/photo/s_ratio_poster/public/p2173707976.jpg"""
你逃我也逃,9.2,美国,喜剧,"""https://movie.douban.com/subject/1303418/""","""https://img3.doubanio.com/view/photo/s_ratio_poster/public/p1339915772.jpg"""
欢乐树的朋友们：赶尽杀绝,9.2,美国,喜剧,"""https://movie.douban.com/subject/3075070/""","""https://img3.doubanio.com/view/subject/l/public/s1806732.jpg"""
拉塞尔·皮特斯：红白褐,9.2,美国,喜剧,"""https://movie.douban.com/subject/3578890/""","""https://img3.doubanio.com/view/photo/s_ratio_poster/public/p2538593044.jpg"""
欢乐树的朋友们：第三击,9.2,美国,喜剧,"""https://movie.douban.com/subject/1393472/""","""https://img3.doubanio.com/view/subject/l/public/s1806711.jpg"""
乔治·卡林：你们都有病,9.2,美国,喜剧,"""https://movie.douban.com/subject/4199429/""","""https://img3.doubanio.com/view/photo/s_ratio_poster/public/p2508661126.jpg"""
乔治·卡林：人生因失而值,9.2,美国,喜剧,"""https://movie.douban.com/subject/3095617/""","""https://img3.doubanio.com/view/photo/s_ratio_poster/public/p2165125235.jpg"""
乔治·卡林：挤在纽约,9.2,美国,喜剧,"""https://movie.douban.com/subject/3706177/""","""https://img3.doubanio.com/view/photo/s_ratio_poster/public/p2508661554.jpg"""
欢乐树的朋友们：第二发球,9.2,美国,喜剧,"""https://movie.douban.com/subject/1393471/""","""https://img3.doubanio.com/view/photo/s_ratio_poster/public/p2162261726.jpg"""
贾达·弗雷德兰德：美国是美国最棒的国家,9.2,美国,喜剧,"""https://movie.douban.com/subject/27149822/""","""https://img1.doubanio.com/view/photo/s_ratio_poster/public/p2504460157.jpg"""
周六夜现场：贾斯汀·汀布莱克/Ciara,9.2,美国,喜剧,"""https://movie.douban.com/subject/6727006/""","""https://img3.doubanio.com/view/photo/s_ratio_poster/public/p1866167902.jpg"""
平方根：海绵宝宝的故事,9.2,美国,喜剧,"""https://movie.douban.com/subject/4001873/""","""https://img3.doubanio.com/view/subject/l/public/s3956255.jpg"""
周六夜现场,9.2,美国,喜剧,"""https://movie.douban.com/subject/2346297/""","""https://img3.doubanio.com/view/photo/s_ratio_poster/public/p836398212.jpg"""
冷气礼堂的喧哗: 比尔·奥雷利 vs. 囧司徒,9.2,美国,喜剧,"""https://movie.douban.com/subject/19961485/""","""https://img1.doubanio.com/view/photo/s_ratio_poster/public/p1717230188.jpg"""
"Russell Peters: Two Concerts, One Ticket",9.2,美国,喜剧,"""https://movie.douban.com/subject/6087827/""","""https://img1.doubanio.com/view/subject/l/public/s4699657.jpg"""
辛普森一家：颁奖季,9.2,美国,喜剧,"""https://movie.douban.com/subject/6008882/""","""https://img3.doubanio.com/f/movie/30c6263b6db26d055cbbe73fe653e29014142ea3/pics/movie/movie_default_large.png"""
寻子遇仙记,9.1,美国,喜剧,"""https://movie.douban.com/subject/1293270/""","""https://img1.doubanio.com/view/photo/s_ratio_poster/public/p2332976198.jpg"""
马戏团,9.1,美国,喜剧,"""https://movie.douban.com/subject/1299628/""","""https://img3.doubanio.com/view/photo/s_ratio_poster/public/p2248445275.jpg"""
欢乐树的朋友们,9.1,美国,喜剧,"""https://movie.douban.com/subject/4181031/""","""https://img3.doubanio.com/view/photo/s_ratio_poster/public/p2533709702.jpg"""
欢乐树的朋友们：滑雪巡逻救生队,9.1,美国,喜剧,"""https://movie.douban.com/subject/3075092/""","""https://img3.doubanio.com/view/subject/l/public/s3622650.jpg"""
周六夜现场：贾斯汀·汀布莱克,9.1,美国,喜剧,"""https://movie.douban.com/subject/21361552/""","""https://img3.doubanio.com/view/photo/s_ratio_poster/public/p1894383482.jpg"""
人鼠之间,9.1,美国,喜剧,"""https://movie.douban.com/subject/26431592/""","""https://img3.doubanio.com/view/photo/s_ratio_poster/public/p2252276881.jpg"""
周六夜现场：金·凯瑞/Soundgarden,9.1,美国,喜剧,"""https://movie.douban.com/subject/5973957/""","""https://img1.doubanio.com/view/photo/s_ratio_poster/public/p1764557799.jpg"""
周六夜现场：贝蒂·怀特/Jay-Z,9.1,美国,喜剧,"""https://movie.douban.com/subject/4706591/""","""https://img3.doubanio.com/view/photo/s_ratio_poster/public/p2362999490.jpg"""
杰夫·唐纳姆：跟自己吵架,9.1,美国,喜剧,"""https://movie.douban.com/subject/2363540/""","""https://img3.doubanio.com/view/photo/s_ratio_poster/public/p2515501144.jpg"""
寻梦环游记,9.0,美国,喜剧,"""https://movie.douban.com/subject/20495023/""","""https://img1.doubanio.com/view/photo/s_ratio_poster/public/p2503997609.jpg"""
怦然心动,9.0,美国,喜剧,"""https://movie.douban.com/subject/3319755/""","""https://img3.doubanio.com/view/photo/s_ratio_poster/public/p663036666.jpg"""
罗马假日,9.0,美国,喜剧,"""https://movie.douban.com/subject/1293839/""","""https://img3.doubanio.com/view/photo/s_ratio_poster/public/p2189265085.jpg"""
雨中曲,9.0,美国,喜剧,"""https://movie.douban.com/subject/1293460/""","""https://img3.doubanio.com/view/photo/s_ratio_poster/public/p1612355875.jpg"""
大独裁者,9.0,美国,喜剧,"""https://movie.douban.com/subject/1295646/""","""https://img3.doubanio.com/view/photo/s_ratio_poster/public/p1960167314.jpg"""
淘金记,9.0,美国,喜剧,"""https://movie.douban.com/subject/1298817/""","""https://img3.doubanio.com/view/photo/s_ratio_poster/public/p1581774481.jpg"""
将军号,9.0,美国,喜剧,"""https://movie.douban.com/subject/1292778/""","""https://img3.doubanio.com/view/photo/s_ratio_poster/public/p2248676081.jpg"""
欢乐树的朋友们：第一滴血,9.0,美国,喜剧,"""https://movie.douban.com/subject/1393470/""","""https://img1.doubanio.com/view/subject/l/public/s1806727.jpg"""
柯南秀韩国之旅,9.0,美国,喜剧,"""https://movie.douban.com/subject/26771186/""","""https://img1.doubanio.com/view/photo/s_ratio_poster/public/p2393137079.jpg"""
辛普森一家：家庭治疗,9.0,美国,喜剧,"""https://movie.douban.com/subject/1850674/""","""https://img3.doubanio.com/view/subject/l/public/s1742552.jpg"""
蝙蝠侠同人音乐剧,9.0,美国,喜剧,"""https://movie.douban.com/subject/10604551/""","""https://img3.doubanio.com/view/photo/s_ratio_poster/public/p1520323343.jpg"""
周六夜现场：本·阿弗莱克/坎耶·威斯特,9.0,美国,喜剧,"""https://movie.douban.com/subject/24521861/""","""https://img1.doubanio.com/view/photo/s_ratio_poster/public/p2456874717.jpg"""
杰夫·敦哈姆:混乱特工,9.0,美国,喜剧,"""https://movie.douban.com/subject/6866452/""","""https://img3.doubanio.com/view/photo/s_ratio_poster/public/p2515501645.jpg"""
黄子华栋笃笑之金盘𠺘口,9.5,香港,喜剧,"""https://movie.douban.com/subject/30203557/""","""https://img1.doubanio.com/view/photo/s_ratio_poster/public/p2527089368.jpg"""
跟住去边度,9.3,香港,喜剧,"""https://movie.douban.com/subject/26767519/""","""https://img3.doubanio.com/view/photo/s_ratio_poster/public/p2329970542.jpg"""
大话西游之大圣娶亲,9.2,香港,喜剧,"""https://movie.douban.com/subject/1292213/""","""https://img3.doubanio.com/view/photo/s_ratio_poster/public/p2455050536.jpg"""
校园疯神榜！2015,9.6,日本,喜剧,"""https://movie.douban.com/subject/26657143/""","""https://img3.doubanio.com/view/photo/s_ratio_poster/public/p2280411490.jpg"""
我和我的女孩,9.5,日本,喜剧,"""https://movie.douban.com/subject/11577118/""","""https://img3.doubanio.com/view/photo/s_ratio_poster/public/p2510934952.jpg"""
蜡笔小新之呼风唤雨！大人帝国的反击,9.2,日本,喜剧,"""https://movie.douban.com/subject/1958667/""","""https://img3.doubanio.com/view/photo/s_ratio_poster/public/p2327107485.jpg"""
虎与龙SP,9.2,日本,喜剧,"""https://movie.douban.com/subject/3118848/""","""https://img3.doubanio.com/view/photo/s_ratio_poster/public/p809505182.jpg"""
银魂剧场版：新译红樱篇,9.1,日本,喜剧,"""https://movie.douban.com/subject/4122194/""","""https://img3.doubanio.com/view/photo/s_ratio_poster/public/p612363092.jpg"""
最完美的离婚 2014特别篇,9.1,日本,喜剧,"""https://movie.douban.com/subject/25790749/""","""https://img1.doubanio.com/view/photo/s_ratio_poster/public/p2186872257.jpg"""
倒数第二次恋爱 2012秋SP,9.1,日本,喜剧,"""https://movie.douban.com/subject/19955789/""","""https://img3.doubanio.com/view/photo/s_ratio_poster/public/p1998695160.jpg"""
日本之形,9.1,日本,喜剧,"""https://movie.douban.com/subject/2085511/""","""https://img3.doubanio.com/view/photo/s_ratio_poster/public/p2253859656.jpg"""
凉宫春日的消失,9.0,日本,喜剧,"""https://movie.douban.com/subject/4074292/""","""https://img3.doubanio.com/view/photo/s_ratio_poster/public/p2242716355.jpg"""
寅次郎的故事15：鸳鸯伞,9.0,日本,喜剧,"""https://movie.douban.com/subject/1416702/""","""https://img3.doubanio.com/view/photo/s_ratio_poster/public/p2333007611.jpg"""
寅次郎的故事48：寅次郎红之花,9.0,日本,喜剧,"""https://movie.douban.com/subject/1417013/""","""https://img3.doubanio.com/view/photo/s_ratio_poster/public/p2333007595.jpg"""
是，大臣 1984圣诞特辑,9.8,英国,喜剧,"""https://movie.douban.com/subject/26725031/""","""https://img3.doubanio.com/view/photo/s_ratio_poster/public/p2397258764.jpg"""
憨豆先生精选辑,9.6,英国,喜剧,"""https://movie.douban.com/subject/5133063/""","""https://img3.doubanio.com/view/photo/s_ratio_poster/public/p2354179225.jpg"""
绅士联盟舞台剧,9.6,英国,喜剧,"""https://movie.douban.com/subject/20491284/""","""https://img3.doubanio.com/view/photo/s_ratio_poster/public/p2235065102.jpg"""
新贵2017圣诞特辑,9.5,英国,喜剧,"""https://movie.douban.com/subject/27168693/""","""https://img3.doubanio.com/view/photo/s_ratio_poster/public/p2538133285.jpg"""
第十二夜,9.5,英国,喜剧,"""https://movie.douban.com/subject/26715548/""","""https://img1.doubanio.com/view/photo/s_ratio_poster/public/p2323938179.jpg"""
一点双人秀(试播集),9.5,英国,喜剧,"""https://movie.douban.com/subject/24153305/""","""https://img3.doubanio.com/view/photo/s_ratio_poster/public/p2179016244.jpg"""
文艺趣向,9.5,英国,喜剧,"""https://movie.douban.com/subject/26637592/""","""https://img3.doubanio.com/view/photo/s_ratio_poster/public/p2325812941.jpg"""
浅希近求：迪兰·莫兰精选,9.5,英国,喜剧,"""https://movie.douban.com/subject/5913043/""","""https://img1.doubanio.com/view/subject/l/public/s4596109.jpg"""
西蒙·阿姆斯特尔：顺其自然,9.4,英国,喜剧,"""https://movie.douban.com/subject/6309377/""","""https://img3.doubanio.com/view/photo/s_ratio_poster/public/p2184490255.jpg"""
班班和莉莉的小王国,9.4,英国,喜剧,"""https://movie.douban.com/subject/5169462/""","""https://img3.doubanio.com/view/photo/s_ratio_poster/public/p2264503315.jpg"""
跳出我天地音乐剧,9.4,英国,喜剧,"""https://movie.douban.com/subject/26264388/""","""https://img3.doubanio.com/view/photo/s_ratio_poster/public/p2215874393.jpg"""
无事生非 (2011年伦敦Wyndham剧院版),9.4,英国,喜剧,"""https://movie.douban.com/subject/26763132/""","""https://img1.doubanio.com/view/photo/s_ratio_poster/public/p2328040727.jpg"""
神奇动物管理员之红鼻子日秀,9.4,英国,喜剧,"""https://movie.douban.com/subject/1957936/""","""https://img3.doubanio.com/view/photo/s_ratio_poster/public/p2512983620.jpg"""
五位(还嫌少)博士重启,9.4,英国,喜剧,"""https://movie.douban.com/subject/25777719/""","""https://img1.doubanio.com/view/photo/s_ratio_poster/public/p2160377148.jpg"""
极品基老伴：完结篇,9.3,英国,喜剧,"""https://movie.douban.com/subject/26700818/""","""https://img3.doubanio.com/view/photo/s_ratio_poster/public/p2509440210.jpg"""
迪兰·莫兰：脱身,9.3,英国,喜剧,"""https://movie.douban.com/subject/26691373/""","""https://img1.doubanio.com/view/photo/s_ratio_poster/public/p2298274199.jpg"""
丹尼尔·斯洛斯：现场表演,9.3,英国,喜剧,"""https://movie.douban.com/subject/30312425/""","""https://img3.doubanio.com/view/photo/s_ratio_poster/public/p2536540213.jpg"""
幕后危机(特别版),9.3,英国,喜剧,"""https://movie.douban.com/subject/10573682/""","""https://img1.doubanio.com/view/photo/s_ratio_poster/public/p2212335757.jpg"""
Jam,9.3,英国,喜剧,"""https://movie.douban.com/subject/2077558/""","""https://img3.doubanio.com/view/subject/l/public/s2401735.jpg"""
极品基老伴：2013圣诞特辑,9.2,英国,喜剧,"""https://movie.douban.com/subject/25758898/""","""https://img3.doubanio.com/view/photo/s_ratio_poster/public/p2187166976.jpg"""
IT狂人特别篇,9.2,英国,喜剧,"""https://movie.douban.com/subject/20453087/""","""https://img3.doubanio.com/view/photo/s_ratio_poster/public/p2183667933.jpg"""
绅士联盟 圣诞特辑,9.2,英国,喜剧,"""https://movie.douban.com/subject/20277075/""","""https://img3.doubanio.com/view/photo/s_ratio_poster/public/p2508625981.jpg"""
迪兰·莫兰：是什么？,9.2,英国,喜剧,"""https://movie.douban.com/subject/4850732/""","""https://img3.doubanio.com/view/photo/s_ratio_poster/public/p2517976810.jpg"""
迪兰·莫兰：怪兽,9.2,英国,喜剧,"""https://movie.douban.com/subject/1957933/""","""https://img3.doubanio.com/view/photo/s_ratio_poster/public/p2517976601.jpg"""
出租车司机冒险记,9.2,英国,喜剧,"""https://movie.douban.com/subject/4705150/""","""https://img3.doubanio.com/view/photo/s_ratio_poster/public/p2502580762.jpg"""
威尼斯商人,9.2,英国,喜剧,"""https://movie.douban.com/subject/30246422/""","""https://img3.doubanio.com/view/photo/s_ratio_poster/public/p2524744994.jpg"""
帕迪下一个最好的事情,9.2,英国,喜剧,"""https://movie.douban.com/subject/1863428/""","""https://img3.doubanio.com/view/photo/s_ratio_poster/public/p2532865741.jpg"""
两杆大烟枪,9.1,英国,喜剧,"""https://movie.douban.com/subject/1293350/""","""https://img1.doubanio.com/view/photo/s_ratio_poster/public/p792443418.jpg"""
阿曼动画之超级无敌掌门狗系列2,9.1,英国,喜剧,"""https://movie.douban.com/subject/1305745/""","""https://img3.doubanio.com/view/photo/s_ratio_poster/public/p2220140456.jpg"""
莫扎特 歌剧《唐·乔万尼》（唐璜）,9.1,英国,喜剧,"""https://movie.douban.com/subject/1877242/""","""https://img3.doubanio.com/view/subject/l/public/s1812251.jpg"""
临时演员圣诞特辑,9.1,英国,喜剧,"""https://movie.douban.com/subject/2377036/""","""https://img3.doubanio.com/view/subject/l/public/s3914200.jpg"""
BBC喜剧音乐晚会,9.1,英国,喜剧,"""https://movie.douban.com/subject/10590735/""","""https://img3.doubanio.com/view/photo/s_ratio_poster/public/p2505928863.jpg"""
欢乐树的朋友们：第一滴血,9.0,英国,喜剧,"""https://movie.douban.com/subject/1393470/""","""https://img1.doubanio.com/view/subject/l/public/s1806727.jpg"""
流浪者之歌,9.0,英国,喜剧,"""https://movie.douban.com/subject/1303525/""","""https://img3.doubanio.com/view/photo/s_ratio_poster/public/p2384320756.jpg"""
深夜小狗离奇事件,9.0,英国,喜剧,"""https://movie.douban.com/subject/25698399/""","""https://img1.doubanio.com/view/photo/s_ratio_poster/public/p2091465967.jpg"""
第十二夜,9.0,英国,喜剧,"""https://movie.douban.com/subject/26994997/""","""https://img3.doubanio.com/view/photo/s_ratio_poster/public/p2445773970.jpg"""
小不列颠：现场版,9.0,英国,喜剧,"""https://movie.douban.com/subject/1957937/""","""https://img1.doubanio.com/view/subject/l/public/s2752947.jpg"""
皆大欢喜,9.0,英国,喜剧,"""https://movie.douban.com/subject/25795905/""","""https://img3.doubanio.com/view/photo/s_ratio_poster/public/p2163632711.jpg"""
彩虹,9.0,英国,喜剧,"""https://movie.douban.com/subject/1971485/""","""https://img3.doubanio.com/view/photo/s_ratio_poster/public/p503390374.jpg"""
本尼·希尔搞笑表演集锦,9.0,英国,喜剧,"""https://movie.douban.com/subject/1494928/""","""https://img3.doubanio.com/view/photo/s_ratio_poster/public/p2327819375.jpg"""
布朗夫人的儿子们：2015圣诞特别篇,9.0,英国,喜剧,"""https://movie.douban.com/subject/26698398/""","""https://img3.doubanio.com/view/photo/s_ratio_poster/public/p2310452506.jpg"""
触不可及,9.2,法国,喜剧,"""https://movie.douban.com/subject/6786002/""","""https://img3.doubanio.com/view/photo/s_ratio_poster/public/p1454261925.jpg"""
冠军理发师,9.1,法国,喜剧,"""https://movie.douban.com/subject/5115829/""","""https://img1.doubanio.com/view/photo/s_ratio_poster/public/p1001238848.jpg"""
大胖考10周年,9.1,法国,喜剧,"""https://movie.douban.com/subject/26296014/""","""https://img3.doubanio.com/view/photo/s_ratio_poster/public/p2220561444.jpg"""
旅途守护天使,9.0,德国,喜剧,"""https://movie.douban.com/subject/2150421/""","""https://img3.doubanio.com/view/photo/s_ratio_poster/public/p2512170801.jpg"""
美丽人生,9.5,意大利,喜剧,"""https://movie.douban.com/subject/1292063/""","""https://img3.doubanio.com/view/photo/s_ratio_poster/public/p510861873.jpg"""
流浪者之歌,9.0,意大利,喜剧,"""https://movie.douban.com/subject/1303525/""","""https://img3.doubanio.com/view/photo/s_ratio_poster/public/p2384320756.jpg"""
三傻大闹宝莱坞,9.2,印度,喜剧,"""https://movie.douban.com/subject/3793023/""","""https://img3.doubanio.com/view/photo/s_ratio_poster/public/p579729551.jpg"""
彩虹,9.0,加拿大,喜剧,"""https://movie.douban.com/subject/1971485/""","""https://img3.doubanio.com/view/photo/s_ratio_poster/public/p503390374.jpg"""
汉纳·盖茨比告别秀：娜娜,9.3,澳大利亚,喜剧,"""https://movie.douban.com/subject/30253080/""","""https://img3.doubanio.com/view/photo/s_ratio_poster/public/p2525732775.jpg"""
土豆工厂,9.3,澳大利亚,喜剧,"""https://movie.douban.com/subject/1793083/""","""https://img3.doubanio.com/view/photo/s_ratio_poster/public/p2233036824.jpg"""
迪兰·莫兰：是什么？,9.2,澳大利亚,喜剧,"""https://movie.douban.com/subject/4850732/""","""https://img3.doubanio.com/view/photo/s_ratio_poster/public/p2517976810.jpg"""
克拉姆一家,9.0,丹麦,喜剧,"""https://movie.douban.com/subject/1769053/""","""https://img3.doubanio.com/view/photo/s_ratio_poster/public/p2511779823.jpg"""
克拉姆一家2,9.0,丹麦,喜剧,"""https://movie.douban.com/subject/1775004/""","""https://img3.doubanio.com/view/photo/s_ratio_poster/public/p2512170335.jpg"""
霸王别姬,9.6,中国,爱情,"""https://movie.douban.com/subject/1291546/""","""https://img3.doubanio.com/view/photo/s_ratio_poster/public/p1910813120.jpg"""
大话西游之大圣娶亲,9.2,中国,爱情,"""https://movie.douban.com/subject/1292213/""","""https://img3.doubanio.com/view/photo/s_ratio_poster/public/p2455050536.jpg"""
狐妖小红娘剧场版：王权富贵,9.2,中国,爱情,"""https://movie.douban.com/subject/26946612/""","""https://img3.doubanio.com/view/photo/s_ratio_poster/public/p2409467410.jpg"""
狐妖小红娘剧场版：月红篇,9.2,中国,爱情,"""https://movie.douban.com/subject/26972694/""","""https://img3.doubanio.com/view/photo/s_ratio_poster/public/p2427045524.jpg"""
哀乐中年,9.2,中国,爱情,"""https://movie.douban.com/subject/4719384/""","""https://img3.doubanio.com/view/photo/s_ratio_poster/public/p2029574250.jpg"""
芙蓉镇,9.1,中国,爱情,"""https://movie.douban.com/subject/1297880/""","""https://img3.doubanio.com/view/photo/s_ratio_poster/public/p2174804034.jpg"""
南海十三郎,9.1,中国,爱情,"""https://movie.douban.com/subject/1303913/""","""https://img1.doubanio.com/view/photo/s_ratio_poster/public/p2328424489.jpg"""
蝶影红梨记,9.1,中国,爱情,"""https://movie.douban.com/subject/4047730/""","""https://img3.doubanio.com/view/photo/s_ratio_poster/public/p2517260323.jpg"""
一一,9.0,中国,爱情,"""https://movie.douban.com/subject/1292434/""","""https://img1.doubanio.com/view/photo/s_ratio_poster/public/p2119675128.jpg"""
红楼梦,9.0,中国,爱情,"""https://movie.douban.com/subject/1329969/""","""https://img3.doubanio.com/view/photo/s_ratio_poster/public/p2322451692.jpg"""
霸王别姬,9.6,大陆,爱情,"""https://movie.douban.com/subject/1291546/""","""https://img3.doubanio.com/view/photo/s_ratio_poster/public/p1910813120.jpg"""
大话西游之大圣娶亲,9.2,大陆,爱情,"""https://movie.douban.com/subject/1292213/""","""https://img3.doubanio.com/view/photo/s_ratio_poster/public/p2455050536.jpg"""
狐妖小红娘剧场版：王权富贵,9.2,大陆,爱情,"""https://movie.douban.com/subject/26946612/""","""https://img3.doubanio.com/view/photo/s_ratio_poster/public/p2409467410.jpg"""
狐妖小红娘剧场版：月红篇,9.2,大陆,爱情,"""https://movie.douban.com/subject/26972694/""","""https://img3.doubanio.com/view/photo/s_ratio_poster/public/p2427045524.jpg"""
哀乐中年,9.2,大陆,爱情,"""https://movie.douban.com/subject/4719384/""","""https://img3.doubanio.com/view/photo/s_ratio_poster/public/p2029574250.jpg"""
芙蓉镇,9.1,大陆,爱情,"""https://movie.douban.com/subject/1297880/""","""https://img3.doubanio.com/view/photo/s_ratio_poster/public/p2174804034.jpg"""
红楼梦,9.0,大陆,爱情,"""https://movie.douban.com/subject/1329969/""","""https://img3.doubanio.com/view/photo/s_ratio_poster/public/p2322451692.jpg"""
阿甘正传,9.4,美国,爱情,"""https://movie.douban.com/subject/1292720/""","""https://img1.doubanio.com/view/photo/s_ratio_poster/public/p510876377.jpg"""
泰坦尼克号,9.3,美国,爱情,"""https://movie.douban.com/subject/1292722/""","""https://img3.doubanio.com/view/photo/s_ratio_poster/public/p457760035.jpg"""
机器人总动员,9.3,美国,爱情,"""https://movie.douban.com/subject/2131459/""","""https://img3.doubanio.com/view/photo/s_ratio_poster/public/p1461851991.jpg"""
城市之光,9.3,美国,爱情,"""https://movie.douban.com/subject/1293908/""","""https://img3.doubanio.com/view/photo/s_ratio_poster/public/p2170238803.jpg"""
乱世佳人,9.2,美国,爱情,"""https://movie.douban.com/subject/1300267/""","""https://img3.doubanio.com/view/photo/s_ratio_poster/public/p1963126880.jpg"""
摩登时代,9.2,美国,爱情,"""https://movie.douban.com/subject/1294371/""","""https://img3.doubanio.com/view/photo/s_ratio_poster/public/p2173707976.jpg"""
生活多美好,9.2,美国,爱情,"""https://movie.douban.com/subject/1293749/""","""https://img1.doubanio.com/view/photo/s_ratio_poster/public/p771490367.jpg"""
马戏团,9.1,美国,爱情,"""https://movie.douban.com/subject/1299628/""","""https://img3.doubanio.com/view/photo/s_ratio_poster/public/p2248445275.jpg"""
怦然心动,9.0,美国,爱情,"""https://movie.douban.com/subject/3319755/""","""https://img3.doubanio.com/view/photo/s_ratio_poster/public/p663036666.jpg"""
罗马假日,9.0,美国,爱情,"""https://movie.douban.com/subject/1293839/""","""https://img3.doubanio.com/view/photo/s_ratio_poster/public/p2189265085.jpg"""
雨中曲,9.0,美国,爱情,"""https://movie.douban.com/subject/1293460/""","""https://img3.doubanio.com/view/photo/s_ratio_poster/public/p1612355875.jpg"""
淘金记,9.0,美国,爱情,"""https://movie.douban.com/subject/1298817/""","""https://img3.doubanio.com/view/photo/s_ratio_poster/public/p1581774481.jpg"""
霸王别姬,9.6,香港,爱情,"""https://movie.douban.com/subject/1291546/""","""https://img3.doubanio.com/view/photo/s_ratio_poster/public/p1910813120.jpg"""
大话西游之大圣娶亲,9.2,香港,爱情,"""https://movie.douban.com/subject/1292213/""","""https://img3.doubanio.com/view/photo/s_ratio_poster/public/p2455050536.jpg"""
紫钗记,9.2,香港,爱情,"""https://movie.douban.com/subject/1401219/""","""https://img1.doubanio.com/view/photo/s_ratio_poster/public/p2274298717.jpg"""
南海十三郎,9.1,香港,爱情,"""https://movie.douban.com/subject/1303913/""","""https://img1.doubanio.com/view/photo/s_ratio_poster/public/p2328424489.jpg"""
蝶影红梨记,9.1,香港,爱情,"""https://movie.douban.com/subject/4047730/""","""https://img3.doubanio.com/view/photo/s_ratio_poster/public/p2517260323.jpg"""
一一,9.0,台湾,爱情,"""https://movie.douban.com/subject/1292434/""","""https://img1.doubanio.com/view/photo/s_ratio_poster/public/p2119675128.jpg"""
我和我的女孩,9.5,日本,爱情,"""https://movie.douban.com/subject/11577118/""","""https://img3.doubanio.com/view/photo/s_ratio_poster/public/p2510934952.jpg"""
飄,9.5,日本,爱情,"""https://movie.douban.com/subject/26555978/""","""https://img3.doubanio.com/view/photo/s_ratio_poster/public/p2256610543.jpg"""
最完美的离婚 2014特别篇,9.1,日本,爱情,"""https://movie.douban.com/subject/25790749/""","""https://img1.doubanio.com/view/photo/s_ratio_poster/public/p2186872257.jpg"""
元气少女缘结神OVA：神明 幸福美满,9.1,日本,爱情,"""https://movie.douban.com/subject/26899000/""","""https://img3.doubanio.com/view/photo/s_ratio_poster/public/p2391890320.jpg"""
情迷意乱,9.1,日本,爱情,"""https://movie.douban.com/subject/1422091/""","""https://img3.doubanio.com/view/photo/s_ratio_poster/public/p1449763371.jpg"""
倒数第二次恋爱 2012秋SP,9.1,日本,爱情,"""https://movie.douban.com/subject/19955789/""","""https://img3.doubanio.com/view/photo/s_ratio_poster/public/p1998695160.jpg"""
高智能方程式赛车 TV总集篇,9.1,日本,爱情,"""https://movie.douban.com/subject/4906417/""","""https://img3.doubanio.com/view/subject/l/public/s4412555.jpg"""
一一,9.0,日本,爱情,"""https://movie.douban.com/subject/1292434/""","""https://img1.doubanio.com/view/photo/s_ratio_poster/public/p2119675128.jpg"""
寅次郎的故事48：寅次郎红之花,9.0,日本,爱情,"""https://movie.douban.com/subject/1417013/""","""https://img3.doubanio.com/view/photo/s_ratio_poster/public/p2333007595.jpg"""
레테의 연가 1987,9.3,韩国,爱情,"""https://movie.douban.com/subject/30238371/""","""https://img3.doubanio.com/view/photo/s_ratio_poster/public/p2523789644.jpg"""
我爱你,9.0,韩国,爱情,"""https://movie.douban.com/subject/5908478/""","""https://img1.doubanio.com/view/photo/s_ratio_poster/public/p1075591188.jpg"""
无事生非 (2011年伦敦Wyndham剧院版),9.4,英国,爱情,"""https://movie.douban.com/subject/26763132/""","""https://img1.doubanio.com/view/photo/s_ratio_poster/public/p2328040727.jpg"""
帕迪下一个最好的事情,9.2,英国,爱情,"""https://movie.douban.com/subject/1863428/""","""https://img3.doubanio.com/view/photo/s_ratio_poster/public/p2532865741.jpg"""
第十二夜,9.0,英国,爱情,"""https://movie.douban.com/subject/26994997/""","""https://img3.doubanio.com/view/photo/s_ratio_poster/public/p2445773970.jpg"""
罗密欧与朱丽叶,9.4,法国,爱情,"""https://movie.douban.com/subject/25928148/""","""https://img3.doubanio.com/view/photo/s_ratio_poster/public/p2224933614.jpg"""
巴黎圣母院,9.3,法国,爱情,"""https://movie.douban.com/subject/20326557/""","""https://img3.doubanio.com/view/photo/s_ratio_poster/public/p2329626263.jpg"""
天堂电影院,9.1,法国,爱情,"""https://movie.douban.com/subject/1291828/""","""https://img3.doubanio.com/view/photo/s_ratio_poster/public/p1910901025.jpg"""
沉静如海,9.1,法国,爱情,"""https://movie.douban.com/subject/1769507/""","""https://img1.doubanio.com/view/photo/s_ratio_poster/public/p541622159.jpg"""
卡比利亚之夜,9.0,法国,爱情,"""https://movie.douban.com/subject/1294781/""","""https://img1.doubanio.com/view/photo/s_ratio_poster/public/p2204675868.jpg"""
美丽人生,9.5,意大利,爱情,"""https://movie.douban.com/subject/1292063/""","""https://img3.doubanio.com/view/photo/s_ratio_poster/public/p510861873.jpg"""
灿烂人生,9.4,意大利,爱情,"""https://movie.douban.com/subject/1291831/""","""https://img3.doubanio.com/view/photo/s_ratio_poster/public/p1161132422.jpg"""
天堂电影院,9.1,意大利,爱情,"""https://movie.douban.com/subject/1291828/""","""https://img3.doubanio.com/view/photo/s_ratio_poster/public/p1910901025.jpg"""
卡比利亚之夜,9.0,意大利,爱情,"""https://movie.douban.com/subject/1294781/""","""https://img1.doubanio.com/view/photo/s_ratio_poster/public/p2204675868.jpg"""
三傻大闹宝莱坞,9.2,印度,爱情,"""https://movie.douban.com/subject/3793023/""","""https://img3.doubanio.com/view/photo/s_ratio_poster/public/p579729551.jpg"""
战争诗人,9.0,印度,爱情,"""https://movie.douban.com/subject/3062866/""","""https://img1.doubanio.com/view/subject/l/public/s3357499.jpg"""
婚姻生活,9.0,瑞典,爱情,"""https://movie.douban.com/subject/1292981/""","""https://img1.doubanio.com/view/photo/s_ratio_poster/public/p2037298187.jpg"""
茶馆,9.4,中国,历史,"""https://movie.douban.com/subject/1461403/""","""https://img3.doubanio.com/view/photo/s_ratio_poster/public/p2528965424.jpg"""
活着,9.2,中国,历史,"""https://movie.douban.com/subject/1292365/""","""https://img3.doubanio.com/view/photo/s_ratio_poster/public/p2513253791.jpg"""
鬼子来了,9.2,中国,历史,"""https://movie.douban.com/subject/1291858/""","""https://img3.doubanio.com/view/photo/s_ratio_poster/public/p1181775734.jpg"""
末代皇帝,9.1,中国,历史,"""https://movie.douban.com/subject/1293172/""","""https://img3.doubanio.com/view/photo/s_ratio_poster/public/p452089833.jpg"""
无言的山丘,9.1,中国,历史,"""https://movie.douban.com/subject/1298944/""","""https://img3.doubanio.com/view/photo/s_ratio_poster/public/p2522310203.jpg"""
三国志：长江的燃烧,9.1,中国,历史,"""https://movie.douban.com/subject/4176666/""","""https://img3.doubanio.com/view/photo/s_ratio_poster/public/p2509584225.jpg"""
红日风暴,9.1,中国,历史,"""https://movie.douban.com/subject/26698264/""","""https://img1.doubanio.com/view/photo/s_ratio_poster/public/p2302684698.jpg"""
秦时明月之一舞倾城,9.0,中国,历史,"""https://movie.douban.com/subject/4804209/""","""https://img3.doubanio.com/view/photo/s_ratio_poster/public/p2351983504.jpg"""
三国志：辽阔的大地,9.0,中国,历史,"""https://movie.douban.com/subject/4176667/""","""https://img3.doubanio.com/view/photo/s_ratio_poster/public/p2509584012.jpg"""
茶馆,9.4,大陆,历史,"""https://movie.douban.com/subject/1461403/""","""https://img3.doubanio.com/view/photo/s_ratio_poster/public/p2528965424.jpg"""
活着,9.2,大陆,历史,"""https://movie.douban.com/subject/1292365/""","""https://img3.doubanio.com/view/photo/s_ratio_poster/public/p2513253791.jpg"""
鬼子来了,9.2,大陆,历史,"""https://movie.douban.com/subject/1291858/""","""https://img3.doubanio.com/view/photo/s_ratio_poster/public/p1181775734.jpg"""
末代皇帝,9.1,大陆,历史,"""https://movie.douban.com/subject/1293172/""","""https://img3.doubanio.com/view/photo/s_ratio_poster/public/p452089833.jpg"""
红日风暴,9.1,大陆,历史,"""https://movie.douban.com/subject/26698264/""","""https://img1.doubanio.com/view/photo/s_ratio_poster/public/p2302684698.jpg"""
秦时明月之一舞倾城,9.0,大陆,历史,"""https://movie.douban.com/subject/4804209/""","""https://img3.doubanio.com/view/photo/s_ratio_poster/public/p2351983504.jpg"""
辛德勒的名单,9.5,美国,历史,"""https://movie.douban.com/subject/1295124/""","""https://img3.doubanio.com/view/photo/s_ratio_poster/public/p492406163.jpg"""
乱世佳人,9.2,美国,历史,"""https://movie.douban.com/subject/1300267/""","""https://img3.doubanio.com/view/photo/s_ratio_poster/public/p1963126880.jpg"""
末代皇帝,9.1,美国,历史,"""https://movie.douban.com/subject/1293172/""","""https://img3.doubanio.com/view/photo/s_ratio_poster/public/p452089833.jpg"""
纽伦堡的审判,9.0,美国,历史,"""https://movie.douban.com/subject/1292589/""","""https://img3.doubanio.com/view/photo/s_ratio_poster/public/p922207281.jpg"""
活着,9.2,香港,历史,"""https://movie.douban.com/subject/1292365/""","""https://img3.doubanio.com/view/photo/s_ratio_poster/public/p2513253791.jpg"""
无言的山丘,9.1,台湾,历史,"""https://movie.douban.com/subject/1298944/""","""https://img3.doubanio.com/view/photo/s_ratio_poster/public/p2522310203.jpg"""
人间的条件(第五、六部),9.1,日本,历史,"""https://movie.douban.com/subject/1441039/""","""https://img3.doubanio.com/view/photo/s_ratio_poster/public/p2327866185.jpg"""
三国志：长江的燃烧,9.1,日本,历史,"""https://movie.douban.com/subject/4176666/""","""https://img3.doubanio.com/view/photo/s_ratio_poster/public/p2509584225.jpg"""
三国志：辽阔的大地,9.0,日本,历史,"""https://movie.douban.com/subject/4176667/""","""https://img3.doubanio.com/view/photo/s_ratio_poster/public/p2509584012.jpg"""
新贵2017圣诞特辑,9.5,英国,历史,"""https://movie.douban.com/subject/27168693/""","""https://img3.doubanio.com/view/photo/s_ratio_poster/public/p2538133285.jpg"""
杰拉德自传,9.3,英国,历史,"""https://movie.douban.com/subject/1900831/""","""https://img3.doubanio.com/view/subject/l/public/s2578246.jpg"""
末代皇帝,9.1,英国,历史,"""https://movie.douban.com/subject/1293172/""","""https://img3.doubanio.com/view/photo/s_ratio_poster/public/p452089833.jpg"""
钢琴家,9.1,英国,历史,"""https://movie.douban.com/subject/1296736/""","""https://img3.doubanio.com/view/photo/s_ratio_poster/public/p792484461.jpg"""
法国大革命,9.0,英国,历史,"""https://movie.douban.com/subject/2040152/""","""https://img1.doubanio.com/view/photo/s_ratio_poster/public/p2508682959.jpg"""
末代皇帝,9.1,法国,历史,"""https://movie.douban.com/subject/1293172/""","""https://img3.doubanio.com/view/photo/s_ratio_poster/public/p452089833.jpg"""
钢琴家,9.1,法国,历史,"""https://movie.douban.com/subject/1296736/""","""https://img3.doubanio.com/view/photo/s_ratio_poster/public/p792484461.jpg"""
法国大革命,9.0,法国,历史,"""https://movie.douban.com/subject/2040152/""","""https://img1.doubanio.com/view/photo/s_ratio_poster/public/p2508682959.jpg"""
钢琴家,9.1,德国,历史,"""https://movie.douban.com/subject/1296736/""","""https://img3.doubanio.com/view/photo/s_ratio_poster/public/p792484461.jpg"""
末代皇帝,9.1,意大利,历史,"""https://movie.douban.com/subject/1293172/""","""https://img3.doubanio.com/view/photo/s_ratio_poster/public/p452089833.jpg"""
法国大革命,9.0,意大利,历史,"""https://movie.douban.com/subject/2040152/""","""https://img1.doubanio.com/view/photo/s_ratio_poster/public/p2508682959.jpg"""
法国大革命,9.0,加拿大,历史,"""https://movie.douban.com/subject/2040152/""","""https://img1.doubanio.com/view/photo/s_ratio_poster/public/p2508682959.jpg"""
土豆工厂,9.3,澳大利亚,历史,"""https://movie.douban.com/subject/1793083/""","""https://img3.doubanio.com/view/photo/s_ratio_poster/public/p2233036824.jpg"""
